ds,yhat,yhat_lower,yhat_upper,y,historic
2023-01-01,6.993246021021767,3.494353518212846,10.580148178087665,5.0,True
2023-01-02,7.214050566842578,3.7951154551249813,10.512755945440265,8.0,True
2023-01-03,6.625315546149976,3.116680823628153,9.774926576379269,7.0,True
2023-01-04,7.216249040218052,3.905851234868821,10.659160397085689,9.0,True
2023-01-05,6.8187574782378695,3.425165677031551,10.096015586506836,7.0,True
2023-01-06,6.9725963885460525,3.9532963502770273,10.222912477503385,9.0,True
2023-01-07,7.180753263485362,3.8727429602400605,10.477238357371656,11.0,True
2023-01-08,6.725055311082564,3.4602734060342786,9.864155919980613,4.0,True
2023-01-09,6.950503665984424,3.7230954411507278,10.308219084853278,9.0,True
2023-01-10,6.369380494532283,2.997542489371321,9.720464223835593,4.0,True
2023-01-11,6.970763325340231,3.6166117049327045,10.10282245700335,3.0,True
2023-01-12,6.58639533056805,2.996958128089694,9.871546046237459,4.0,True
2023-01-13,6.755836645552274,3.4060263391425303,10.085675361707782,4.0,True
2023-01-14,6.981847863433914,3.819915388866461,10.39190473967494,6.0,True
2023-01-15,6.545998561571867,3.1089393055531023,9.802509758656752,8.0,True
2023-01-16,6.793002529279709,3.195286592626724,10.03523996682938,3.0,True
2023-01-17,6.234826237036918,3.0811899117639974,9.90444790195112,9.0,True
2023-01-18,6.860204986088976,3.473255246787469,10.309407803439127,6.0,True
2023-01-19,6.500515567401791,3.2993013880116657,9.690874197828824,9.0,True
2023-01-20,6.694930611233577,3.494432140968052,9.849447112724212,5.0,True
2023-01-21,6.94580584113042,3.5163444080204176,10.110494197701188,7.0,True
2023-01-22,6.534293144052168,3.098466414255335,9.851021674448726,7.0,True
2023-01-23,6.804681153929096,3.4063361184742518,10.080714564183488,7.0,True
2023-01-24,6.268509883858131,2.714128932955087,9.39529840468469,9.0,True
2023-01-25,6.9140938070066476,3.687580595147304,10.281304074315342,9.0,True
2023-01-26,6.572402138186146,3.199019669650075,9.758457284380817,7.0,True
2023-01-27,6.782221382992318,3.3618524404033043,10.234243153305094,11.0,True
2023-01-28,7.04555121670538,3.8158965813232064,10.690316779880929,6.0,True
2023-01-29,6.643226418484436,3.235531527068489,10.098768117617874,4.0,True
2023-01-30,6.919266340563909,3.289312935706021,10.304690660865361,5.0,True
2023-01-31,6.384998205276547,2.9403148256762552,9.724455387589567,7.0,True
2023-02-01,7.028588367166911,3.65264774882,10.036777218638655,7.0,True
2023-02-02,6.680930018677913,3.48033821382026,10.183199219550808,8.0,True
2023-02-03,6.880812129384553,3.4053353120656435,10.28321150772026,7.0,True
2023-02-04,7.130320410403848,3.869831696549858,10.423964907699766,4.0,True
2023-02-05,6.710462774507668,3.451403792097004,10.288843053832448,10.0,True
2023-02-06,6.9655205422858515,3.9128364654782914,10.388342405013274,9.0,True
2023-02-07,6.407171492201707,3.0395769227032248,9.746123080553392,4.0,True
2023-02-08,7.024018740541372,3.646931165794008,10.40947556115147,6.0,True
2023-02-09,6.6474738295522,3.1864623858774435,9.722635491096497,4.0,True
2023-02-10,6.816918771494809,3.6605009888352136,10.135408846454817,8.0,True
2023-02-11,7.035097860801692,3.668650541193377,10.35520395415542,10.0,True
2023-02-12,6.583731811663389,3.172538432142202,10.182354766932727,2.0,True
2023-02-13,6.807855626071525,3.3006833253650654,10.085971265795305,5.0,True
2023-02-14,6.219926511539497,2.7797473230092415,9.634334712591425,3.0,True
2023-02-15,6.809336120352063,3.515471500962801,10.20151212815083,5.0,True
2023-02-16,6.408275833909993,3.068183807460476,9.701216974148164,7.0,True
2023-02-17,6.556880237490086,3.1353976076520005,10.144514310854108,5.0,True
2023-02-18,6.758600038910638,3.348924788933923,10.3243690421355,4.0,True
2023-02-19,6.295797462787167,2.9398588532560463,9.654223695523452,12.0,True
2023-02-20,6.514066020249066,3.1169141457954272,9.914796939562802,2.0,True
2023-02-21,5.926321476501737,2.66192838429669,9.56533576397894,7.0,True
2023-02-22,6.5222987842856766,3.0184883371064335,9.954103794312394,7.0,True
2023-02-23,6.13440418243747,2.891958515863422,9.756424070015807,9.0,True
2023-02-24,6.30284804511397,3.1331943090371235,9.653135647437573,6.0,True
2023-02-25,6.531010126076994,3.3495763887513608,9.849024517104121,5.0,True
2023-02-26,6.101030558162104,2.9523957196336985,9.326975286360963,5.0,True
2023-02-27,6.358128762045507,2.9373424693977266,9.592320965211247,6.0,True
2023-02-28,5.814697256255129,2.3231345875435183,9.137249254377627,4.0,True
2023-03-01,6.459805213814583,3.180807002523246,9.698362693081865,7.0,True
2023-03-02,6.1250609435165675,2.9395876063646567,9.24661645599296,5.0,True
2023-03-03,6.349758758553882,2.7232403740809303,9.602144965655793,7.0,True
2023-03-04,6.636261654738018,3.361502772741836,10.04529927386535,6.0,True
2023-03-05,6.265612830776042,2.8320216356126253,9.600913994821346,8.0,True
2023-03-06,6.58187779167808,3.066624002222757,9.642977050624358,7.0,True
2023-03-07,6.096263522382328,3.036371836810481,9.408680013726629,3.0,True
2023-03-08,6.796648999932319,3.3854297962128976,10.378835543306158,3.0,True
2023-03-09,6.513475583562213,3.1656607482222627,9.69381102937295,13.0,True
2023-03-10,6.784922061345895,3.454357428680408,10.248055202431422,9.0,True
2023-03-11,7.112315060575554,4.091485369815999,10.659373683379664,5.0,True
2023-03-12,6.7757671354937905,3.279335303181511,10.026750993618721,8.0,True
2023-03-13,7.118543555591495,3.83011368768757,10.486409033510348,4.0,True
2023-03-14,6.651203598942829,3.304716208920347,9.952948810037586,5.0,True
2023-03-15,7.361149982087365,4.065060666379469,10.527886246093882,5.0,True
2023-03-16,7.07853439634278,3.7144323922479963,10.593326332493088,9.0,True
2023-03-17,7.341443443763878,4.037796621818836,10.697423136961303,5.0,True
2023-03-18,7.651315293807837,4.18414519095879,11.224993227779521,11.0,True
2023-03-19,7.288579100689171,4.083804377811503,10.586655563523365,11.0,True
2023-03-20,7.597018053360996,4.16373192860933,10.860189339567837,8.0,True
2023-03-21,7.087901841011259,3.757799349959081,10.48239229059929,10.0,True
2023-03-22,7.7495222773151475,4.132645914928205,10.850699480255651,4.0,True
2023-03-23,7.413080298008218,3.9994695157460622,11.058489512693505,0.0,True
2023-03-24,7.617849000455523,4.409062373462962,11.186597478209325,8.0,True
2023-03-25,7.8665635431676195,4.572339497823742,11.209074413814157,2.0,True
2023-03-26,7.441030555080069,4.231922600743247,10.986676199497708,5.0,True
2023-03-27,7.68645863387651,4.223301687568524,10.904792658169308,8.0,True
2023-03-28,7.1155565049226155,3.878690442060004,10.297556018486294,5.0,True
2023-03-29,7.718033434152375,4.583969194139123,11.120035488303115,10.0,True
2023-03-30,7.326451000076908,4.030113925637861,10.502806494375498,6.0,True
2023-03-31,7.481351800340178,4.291795137663097,11.003018936880775,6.0,True
2023-04-01,7.686616811805223,4.295424265856779,10.956827191248475,12.0,True
2023-04-02,7.225044922913485,3.831047438276537,10.412179013453972,7.0,True
2023-04-03,7.44265703221943,4.0271305747696,10.582711397672494,10.0,True
2023-04-04,6.852772021312178,3.4193211555048784,10.48422310252711,7.0,True
2023-04-05,7.4454898336729505,4.008811510771622,10.810258560369517,5.0,True
2023-04-06,7.053531285407294,3.6849273593586243,10.407299942504517,7.0,True
2023-04-07,7.217360570914139,3.7275558622764406,10.489571557517166,9.0,True
2023-04-08,7.440542424418121,4.204003215237613,10.932932527688513,7.0,True
2023-04-09,7.005327543770479,3.651024908213891,10.177516063013595,10.0,True
2023-04-10,7.256968598888229,4.013869781027487,10.561192648709676,6.0,True
2023-04-11,6.7078139020212335,3.3385845222657156,10.118285263018937,12.0,True
2023-04-12,7.346813585141118,4.055743428958741,10.726837525846115,10.0,True
2023-04-13,7.00538737538784,3.788129100416426,10.216732848263637,4.0,True
2023-04-14,7.222579262894033,4.046674432440453,10.339906540415035,10.0,True
2023-04-15,7.500450232778765,4.119366351833651,10.626094375358266,7.0,True
2023-04-16,7.119701779125817,3.912220308807023,10.462689367181746,9.0,True
2023-04-17,7.424031557461907,4.010345299590776,10.651346238112012,8.0,True
2023-04-18,6.924267234550101,3.3995022048157577,10.222774102979855,10.0,True
2023-04-19,7.607912335973397,4.307009274142765,11.099583599613517,12.0,True
2023-04-20,7.305052140517139,4.005979647574361,10.950982849062187,6.0,True
2023-04-21,7.553543901600859,4.098427176344865,10.903012862251616,7.0,True
2023-04-22,7.854441611584873,4.216340804549637,11.268515360154383,4.0,True
2023-04-23,7.487647153530731,4.1685129738754645,10.820969193389162,7.0,True
2023-04-24,7.796288430993804,4.495641289355016,10.943912339484088,8.0,True
2023-04-25,7.290869897773626,3.9391342278199866,10.648342128335804,7.0,True
2023-04-26,7.958828798552814,4.574385377161748,11.251459863686856,8.0,True
2023-04-27,7.630444841743905,4.416060572644644,10.973951426393114,9.0,True
2023-04-28,7.844027429414512,4.4756549166879,11.300893875817055,6.0,True
2023-04-29,8.101330682840176,4.90029530953481,11.448030064127463,3.0,True
2023-04-30,7.683188310137084,4.362240712209072,11.287337863694022,4.0,True
2023-05-01,7.933869283643704,4.514676414587287,11.417943299615791,15.0,True
2023-05-02,7.365200293793399,4.1142078086065075,10.917738127374678,7.0,True
2023-05-03,7.96608898704386,4.462995020462158,11.347442383001633,11.0,True
2023-05-04,7.568396544672085,4.166429465768184,10.7191608736917,13.0,True
2023-05-05,7.7120846761262545,4.4471489818921714,11.01394039590542,9.0,True
2023-05-06,7.900588305725538,4.648477874976208,11.046891392400495,11.0,True
2023-05-07,7.416407102680045,4.096450705318736,10.853160065472299,13.0,True
2023-05-08,7.605417960321681,4.261781659021712,10.816375445798325,12.0,True
2023-05-09,6.980955532775569,3.7033996967754574,10.288920753453985,3.0,True
2023-05-10,7.5332959535649415,4.390229667465691,10.75149048126689,6.0,True
2023-05-11,7.095493350937298,3.846326128526546,10.711493675520204,8.0,True
2023-05-12,7.208495207997618,3.9151458233395227,10.573622970282893,9.0,True
2023-05-13,7.376488707977957,4.1477287749525145,10.618704342103326,9.0,True
2023-05-14,6.88247194042162,3.6600381096141694,10.090038720596988,9.0,True
2023-05-15,7.072552643544472,3.6720259924495533,10.169450481920247,8.0,True
2023-05-16,6.460021987836269,3.0224470544543713,9.840009796769195,7.0,True
2023-05-17,7.034838737917691,3.5588420365317925,10.202320491462734,5.0,True
2023-05-18,6.62947342877839,3.133760861977142,9.949039941333773,7.0,True
2023-05-19,6.784038433016662,3.407393548418593,10.234134064892636,7.0,True
2023-05-20,7.001655698665908,3.901752162673979,10.279994344986662,3.0,True
2023-05-21,6.564055491887318,3.4027038606063837,9.68379103264697,9.0,True
2023-05-22,6.815908111491065,3.4767002272181418,10.172285484775266,4.0,True
2023-05-23,6.268935222516753,3.0177324144648274,9.637459564920201,6.0,True
2023-05-24,6.911435162291678,3.6254535711049494,10.453842876900492,10.0,True
2023-05-25,6.574170770136105,3.1974112741537346,9.751183802204633,3.0,True
2023-05-26,6.795544460589625,3.546372215609154,10.156289368880813,11.0,True
2023-05-27,7.077011121695182,3.829367832357465,10.420350082552691,4.0,True
2023-05-28,6.698720965473413,3.4188113608328536,9.848802828776087,0.0,True
2023-05-29,7.003893113496208,3.7327708300279263,10.297142954817973,7.0,True
2023-05-30,6.502965436585996,3.221349154193987,9.9943437717524,7.0,True
2023-05-31,7.183153959116805,3.5706506523920334,10.56715617155226,5.0,True
2023-06-01,6.8743694510849025,3.4058749467402563,10.089906530874744,6.0,True
2023-06-02,7.1144151395821815,3.670732577774659,10.552627746552867,8.0,True
2023-06-03,7.404415494718515,3.980050544644397,10.859480985186114,6.0,True
2023-06-04,7.024467769974381,3.682723463222527,10.337056285953567,4.0,True
2023-06-05,7.318016824737945,3.9731397534290593,10.682856582715797,5.0,True
2023-06-06,6.795998692620295,3.4550672914485667,9.845413667434201,8.0,True
2023-06-07,7.446386352475942,4.159745363869077,10.803759000741264,7.0,True
2023-06-08,7.100085670502194,3.6540415948176954,10.470887218004126,11.0,True
2023-06-09,7.29610598033616,4.146621226156254,10.632795863861846,11.0,True
2023-06-10,7.536955967881469,4.085013215213141,10.97287066279418,10.0,True
2023-06-11,7.104257410572168,3.571214242250657,10.366845687380133,9.0,True
2023-06-12,7.3430783026345505,3.9036081379586127,10.577545694259786,8.0,True
2023-06-13,6.766031943257512,3.2043571129888253,10.08125331587844,7.0,True
2023-06-14,7.362776635530884,4.021932204502088,10.672840156650837,6.0,True
2023-06-15,6.965865202770822,3.678104999268577,10.304093828187936,7.0,True
2023-06-16,7.115870040808932,3.8561554402266753,10.47844414749863,7.0,True
2023-06-17,7.316735604673632,3.923450726570411,10.542327192214403,15.0,True
2023-06-18,6.851352057382076,3.558263569461286,10.461604458634637,5.0,True
2023-06-19,7.065852706156562,3.7533439066895435,10.415266257555182,6.0,True
2023-06-20,6.473682780630557,3.2091054946202213,9.662563520369217,5.0,True
2023-06-21,7.065075038023138,3.7877280105594955,10.265567985670542,12.0,True
2023-06-22,6.672882074218415,3.47443135123475,9.900985833257735,5.0,True
2023-06-23,6.837691548868186,3.481998211689279,10.173777775441467,5.0,True
2023-06-24,7.063176515858183,3.65167328000336,10.396486117108186,3.0,True
2023-06-25,6.6316746749538655,3.237981529457121,9.866090750090478,7.0,True
2023-06-26,6.888499050136877,3.4564111566023947,10.28495743072745,6.0,True
2023-06-27,6.346027324388471,3.0487374485659653,9.855809902333759,4.0,True
2023-06-28,6.993204794200797,3.7700915260264782,10.210326701130585,11.0,True
2023-06-29,6.661410117665886,3.1687202671383266,9.916201606233816,6.0,True
2023-06-30,6.889609194254521,3.71014185394475,10.381746360168561,4.0,True
2023-07-01,7.179748356432721,3.9041774830898293,10.51372598301824,6.0,True
2023-07-02,6.812379560444615,3.3567273891271348,10.203672164482834,7.0,True
2023-07-03,7.131018870900662,3.8225730860146943,10.353409783030763,6.0,True
2023-07-04,6.646284202667698,3.140751145648744,10.192813344438633,3.0,True
2023-07-05,7.345445998597069,3.979580300109872,10.829122987869091,6.0,True
2023-07-06,7.058338746752265,3.6277695337640115,10.30849359606594,7.0,True
2023-07-07,7.322557453773413,4.101030354293471,10.615720256465101,6.0,True
2023-07-08,7.638889113330295,4.272761755971254,11.087161673613947,8.0,True
2023-07-09,7.286970829448618,3.596685275842607,10.864626264721997,10.0,True
2023-07-10,7.609674997876068,4.409703569139873,11.112175500079871,12.0,True
2023-07-11,7.117266782399601,3.8985921496969116,10.511243921002498,8.0,True
2023-07-12,7.796967019150964,4.327939685552529,11.127633841069976,11.0,True
2023-07-13,7.478868103946294,4.202030075041051,10.623135293656972,4.0,True
2023-07-14,7.701126836435556,4.455651874124342,10.816360595444149,8.0,True
2023-07-15,7.9653843270051805,4.818661150277867,11.199731440731197,8.0,True
2023-07-16,7.552404901077128,4.505002873425365,11.117349321301328,13.0,True
2023-07-17,7.806434879572968,4.475271875319604,11.334452673846595,10.0,True
2023-07-18,7.239327136180801,3.84867482927597,10.519054540406845,9.0,True
2023-07-19,7.840065398748757,4.521407460436517,11.168259550156463,4.0,True
2023-07-20,7.440636832415882,4.110143054513782,10.7813020184112,8.0,True
2023-07-21,7.581177984080609,4.245494008713527,11.008196426705187,7.0,True
2023-07-22,7.765345392547102,4.475669333321446,11.13121911191224,5.0,True
2023-07-23,7.275904060008164,4.013447279596014,10.556532022266945,5.0,True
2023-07-24,7.459035953294459,4.493575118620677,10.87339734328996,7.0,True
2023-07-25,6.828415720264919,3.534262420907938,10.19370599406872,5.0,True
2023-07-26,7.374688835193583,4.22881322894428,10.682634064203407,8.0,True
2023-07-27,6.931301886542464,3.6005457408433883,10.285098388398552,5.0,True
2023-07-28,7.0396111608866105,3.683143175377689,10.399070367945209,11.0,True
2023-07-29,7.204221773424101,3.8572579083889975,10.628411898046457,7.0,True
2023-07-30,6.708551333388151,3.1123327056651258,9.87533064330987,7.0,True
2023-07-31,6.899120932629252,3.6580474552929325,10.252387392481085,5.0,True
2023-08-01,6.289621074411732,2.8928871186524376,9.545245635755263,5.0,True
2023-08-02,6.870387989165259,3.5379239719308058,10.02069109011607,7.0,True
2023-08-03,6.4742400798813415,3.3086362765629347,9.839271768316145,7.0,True
2023-08-04,6.641600476680482,3.2085980096791373,9.857467750286515,4.0,True
2023-08-05,6.875857579103965,3.513074543382259,10.054261098240225,12.0,True
2023-08-06,6.458957015283215,3.088357429320579,9.795536735322932,8.0,True
2023-08-07,6.735727075931097,3.310650840820835,9.763740877621053,5.0,True
2023-08-08,6.217984358347595,2.837136159619401,9.763025361008273,6.0,True
2023-08-09,6.894054056695863,3.534014321694311,10.56689557615898,9.0,True
2023-08-10,6.594653532610156,3.2701305245529064,9.80262904907393,8.0,True
2023-08-11,6.858063962154853,3.5378975607514715,10.332641147292506,5.0,True
2023-08-12,7.185540716343583,3.9766768624397995,10.11912513708533,7.0,True
2023-08-13,6.85695467345159,3.499829746790551,10.448704402161878,4.0,True
2023-08-14,7.215165313229912,3.988793908273019,10.483616188640385,4.0,True
2023-08-15,6.770171174189262,3.497232532034314,9.980788789365722,8.0,True
2023-08-16,7.508671040077774,4.210891044147157,10.889581073352238,12.0,True
2023-08-17,7.2599835264643975,3.896774119826123,10.6756166108469,9.0,True
2023-08-18,7.561249036773097,4.090693326617087,10.956031157675502,7.0,True
2023-08-19,7.912864068449423,4.46329126313838,11.459974703329927,7.0,True
2023-08-20,7.594139560301732,4.022364992609355,10.721856480110922,8.0,True
2023-08-21,7.947683802824184,4.667987011766557,11.206341798926108,7.0,True
2023-08-22,7.483555349826864,4.40694146606769,10.807137211040729,5.0,True
2023-08-23,8.188819340918585,4.769973062660759,11.79756183843267,10.0,True
2023-08-24,7.893455132072912,4.618398091416328,10.926630343748304,9.0,True
2023-08-25,8.135539604108088,4.741473086034001,11.477011802960284,7.0,True
2023-08-26,8.416656691655657,5.26037138235989,11.561405809841116,7.0,True
2023-08-27,8.017525529901995,4.698484868493295,11.297322165676206,10.0,True
2023-08-28,8.28234857128211,5.024187147458854,11.698459199326232,6.0,True
2023-08-29,7.72292604069165,4.27351226743931,10.971097657959163,10.0,True
2023-08-30,8.328171144862388,5.032665802973763,11.546678099339632,3.0,True
2023-08-31,7.929974985462502,4.7628351614566755,11.383013626319462,6.0,True
2023-09-01,8.068346618420192,4.473104721531656,11.194594367116533,11.0,True
2023-09-02,8.246779865666388,4.931777888596926,11.683226600803254,9.0,True
2023-09-03,7.747840304331068,4.577659786902512,11.117143645391838,11.0,True
2023-09-04,7.9174747511445425,4.390106686510397,11.214052429340425,7.0,True
2023-09-05,7.269090490880426,3.761291711449173,10.73465045767312,8.0,True
2023-09-06,7.793039436995487,4.47968525804355,11.011710077152966,4.0,True
2023-09-07,7.322456822932701,3.8259109162461167,10.683618978493012,12.0,True
2023-09-08,7.3983803757731454,4.273282144166725,10.824038510728753,8.0,True
2023-09-09,7.525101938951921,4.227793721294719,10.8130491934026,7.0,True
2023-09-10,6.985745174385973,3.856035608750147,10.31939870462981,8.0,True
2023-09-11,7.126571710371577,3.8632595912470977,10.403003202851059,3.0,True
2023-09-12,6.461062878482579,2.996701035645369,9.76445228149167,1.0,True
2023-09-13,6.979411974341968,3.4928599734760546,10.257472722272839,10.0,True
2023-09-14,6.514376250332116,3.0961918214891857,9.861087382201454,6.0,True
2023-09-15,6.60641407831351,3.178678900225352,9.85401822773024,5.0,True
2023-09-16,6.759058629113049,3.29737574191843,10.071884783406869,8.0,True
2023-09-17,6.254520992435367,2.9993260118250777,9.43075579127213,8.0,True
2023-09-18,6.438024331098031,3.2414052353613165,9.86773436529777,4.0,True
2023-09-19,5.821915397940475,2.658275789287946,9.34621449249931,6.0,True
2023-09-20,6.39518751519409,3.488951445515367,9.94429551432397,13.0,True
2023-09-21,5.989363393213672,2.577227247572738,9.34100553180378,3.0,True
2023-09-22,6.143662421437612,2.9405537713023766,9.650288323065226,6.0,True
2023-09-23,6.360403020428842,3.364451463294155,9.654878144806286,6.0,True
2023-09-24,5.920632287415394,2.742987205781269,9.286999648128617,4.0,True
2023-09-25,6.168483921863164,2.7950419180968358,9.322889855169425,11.0,True
2023-09-26,5.615310249595372,2.37401906110276,8.736487144243277,2.0,True
2023-09-27,6.24922204498638,3.067000559274274,9.579582116954807,7.0,True
2023-09-28,5.900984244309697,2.951168986777942,9.211575536976087,5.0,True
2023-09-29,6.109192020467886,2.5881035968891353,9.479307980035049,7.0,True
2023-09-30,6.375677767126014,3.3043530488782955,9.666291494395969,8.0,True
2023-10-01,5.981141302688676,2.5515189150641504,9.387513165322908,7.0,True
2023-10-02,6.269504471831146,3.0191273283997484,9.711764665423818,7.0,True
2023-10-03,5.752036257702523,2.2278861909597243,9.006330225172254,8.0,True
2023-10-04,6.416882491063422,3.2168499324456388,9.599298617160544,3.0,True
2023-10-05,6.0949487136579545,2.724905250780554,9.455625766428739,7.0,True
2023-10-06,6.325061191917818,3.0143958461917135,9.49933549627276,1.0,True
2023-10-07,6.609357198754744,3.183181348283806,10.212579128221343,9.0,True
2023-10-08,6.228897470975263,3.1140894600280253,9.443183461107191,2.0,True
2023-10-09,6.5280026211091435,3.235936100734693,9.727384600458144,5.0,True
2023-10-10,6.01836021168837,2.5469957748975696,9.078307723117028,8.0,True
2023-10-11,6.688537141532789,3.391778405192466,10.283935655628973,8.0,True
2023-10-12,6.369846421874767,3.1533176059708605,9.645759079527611,7.0,True
2023-10-13,6.601493800098034,3.24275952473483,9.995435372553757,6.0,True
2023-10-14,6.885955740068677,3.5703667280045486,9.825971599320159,6.0,True
2023-10-15,6.5045819759503996,2.929985879655066,10.036924384642557,12.0,True
2023-10-16,6.801924643350553,3.4962599952732782,10.135035476196506,9.0,True
2023-10-17,6.2898408247493105,2.874787698057504,9.656436011533994,4.0,True
2023-10-18,6.957003197637466,3.4096627243335327,10.330166721690794,5.0,True
2023-10-19,6.634767809153368,3.3209363534742207,9.86758538019269,11.0,True
2023-10-20,6.862324293636416,3.7630579358911644,10.259881201076325,2.0,True
2023-10-21,7.142079820080735,3.6350029785477007,10.378222301965712,5.0,True
2023-10-22,6.755269692792893,3.335177029559495,10.094756147723594,6.0,True
2023-10-23,7.046296255137733,3.8493697718776274,10.405826949172614,6.0,True
2023-10-24,6.526842531393733,3.58416617384435,9.739444425623294,7.0,True
2023-10-25,7.185394859522467,4.00692724187064,10.948948169030345,6.0,True
2023-10-26,6.853123083420854,3.637818756309427,9.926620152634033,11.0,True
2023-10-27,7.069043205390603,3.7904247856034328,10.244867519460207,8.0,True
2023-10-28,7.335413117338555,3.9985685342275183,10.373551736681135,4.0,True
2023-10-29,6.933354346980838,3.6165824925394294,10.292150550784266,10.0,True
2023-10-30,7.207200642969792,3.9553363207767256,10.723822639647961,12.0,True
2023-10-31,6.668619714038118,3.2232181850524815,10.029374002084886,1.0,True
2023-11-01,7.306142050748433,3.819765388896029,10.466877560587923,7.0,True
2023-11-02,6.951045184669431,3.432705364035902,10.288306183565123,9.0,True
2023-11-03,7.142518100171963,3.944813914899874,10.581524458355007,6.0,True
2023-11-04,7.383056570188548,3.844226364705519,10.698565820032387,13.0,True
2023-11-05,6.954081924096391,3.5842115716334066,10.137378616507489,3.0,True
2023-11-06,7.200284594575226,4.208569464821392,10.859435869339938,9.0,True
2023-11-07,6.633738695249705,3.374667239233427,9.849921437900457,10.0,True
2023-11-08,7.243421822436317,4.028686959847985,10.60548882728495,5.0,True
2023-11-09,6.861088713932869,3.637070460078013,9.966999970635744,7.0,True
2023-11-10,7.02642380600609,3.7635948486102584,10.437114816671109,6.0,True
2023-11-11,7.24242382285318,3.94764606300669,10.605319983236765,11.0,True
2023-11-12,6.7910032950606745,3.5639530212639903,10.090996113310307,4.0,True
2023-11-13,7.017324755136469,3.8114110349017576,10.44279461373991,5.0,True
2023-11-14,6.433900263839426,2.8976465847093618,9.787038113322575,1.0,True
2023-11-15,7.0300988503998285,3.9435372097880563,10.72225945996161,5.0,True
2023-11-16,6.638008867318044,3.3517105058947925,10.290531291630597,6.0,True
2023-11-17,6.797580630932965,3.5738937462163496,10.234887867056768,8.0,True
2023-11-18,7.012000772740293,3.5499517796027975,10.317063084921443,4.0,True
2023-11-19,6.563291433414086,3.3927345985280537,9.93939593060171,6.0,True
2023-11-20,6.796636226108911,3.5794944101570856,10.396552414493623,10.0,True
2023-11-21,6.224479738443732,2.996526394542837,9.566142873814059,8.0,True
2023-11-22,6.83603520692493,3.34260389130822,10.062556595790948,9.0,True
2023-11-23,6.463149348317342,3.019882892615644,9.808206785165327,3.0,True
2023-11-24,6.645449642275387,3.1774958304562118,9.920541278250413,8.0,True
2023-11-25,6.88572534833741,3.7829294658775816,10.10198070486892,7.0,True
2023-11-26,6.4655351953894735,3.3680252656261835,9.747542605344321,3.0,True
2023-11-27,6.72954342656333,3.233675941704468,10.226549852838025,8.0,True
2023-11-28,6.1896306850228076,2.9806428955997655,9.661396122362621,9.0,True
2023-11-29,6.83441405947317,3.397656186409645,10.276915921775851,8.0,True
2023-11-30,6.495124937456692,3.033639578430623,9.696720624595619,10.0,True
2023-12-01,6.710769613456748,3.270704727236855,10.133456291739503,5.0,True
2023-12-02,6.983523586944965,3.8339098665267115,10.308972614353346,10.0,True
2023-12-03,6.5943521501857365,3.196134353623031,10.147036679601863,13.0,True
2023-12-04,6.887358629562317,3.5312861619137426,10.187410255156749,13.0,True
2023-12-05,6.373906474959295,3.0135246371017743,9.842381752304282,5.0,True
2023-12-06,7.0421492592616755,3.9440485085529406,10.436210347840202,1.0,True
2023-12-07,6.722917025024143,3.401778901625108,10.164750573967764,4.0,True
2023-12-08,6.954883756222628,3.661088966697303,10.15155060299194,3.0,True
2023-12-09,7.239966795217746,4.036529008056767,10.665079925671456,7.0,True
2023-12-10,6.858950739963875,3.4673030371602827,10.312571492483007,6.0,True
2023-12-11,7.155837172772327,3.9027740668759683,10.442589817820188,4.0,True
2023-12-12,6.641966452656224,3.445332623480232,9.693368450370123,6.0,True
2023-12-13,7.305545719446995,4.088812754040946,10.626744978633072,10.0,True
2023-12-14,6.977531671836746,3.779242833865678,10.27150027868258,5.0,True
2023-12-15,7.196793064251279,3.675480555496652,10.566477257355197,5.0,True
2023-12-16,7.4655039362093145,4.232391157564043,10.801831772824606,9.0,True
2023-12-17,7.0647603272610935,3.959921913970878,10.55681367498263,4.0,True
2023-12-18,7.338922061545075,3.604938950877038,10.827716530054406,11.0,True
2023-12-19,6.799726073993243,3.5384338434016263,10.044596207299248,7.0,True
2023-12-20,7.435805665465169,4.1172220707069425,10.813486428529842,8.0,True
2023-12-21,7.078564479766195,3.638733672050887,10.439652492490694,6.0,True
2023-12-22,7.26733036300439,4.1472467264011055,10.730490154993005,7.0,True
2023-12-23,7.504740313105724,4.1028361782625975,10.963897503738902,7.0,True
2023-12-24,7.072349440418888,3.9600895582364797,10.551581453227362,5.0,True
2023-12-25,7.3149656606476015,3.9953626929644175,10.703598459966985,2.0,True
2023-12-26,6.744756697589984,3.4420973391258567,10.017750339697063,8.0,True
2023-12-27,7.3507638514189555,3.8325125873592247,10.641110940685225,14.0,True
2023-12-28,6.964771363173922,3.5538078115544716,10.519376632503603,3.0,True
2023-12-29,7.126456538074498,3.7643504492607605,10.422857896050612,15.0,True
2023-12-30,7.338771808288734,4.019069324031575,10.583544361798245,6.0,True
2023-12-31,6.8835516017547365,3.428903004809591,10.421613065837608,8.0,True
2024-01-01,7.1058456620389805,3.9288076613872294,10.25728559537173,8.0,True
2024-01-02,6.518025301992809,3.2243811399883238,9.80994676270755,10.0,True
2024-01-03,7.109296943633201,3.788911623385782,10.389756216864784,8.0,True
2024-01-04,6.711571662587225,3.5349271126999544,10.219839996292365,6.0,True
2024-01-05,6.864615790524536,3.3961581583932223,10.300800932449466,12.0,True
2024-01-06,7.0714336522247425,3.843576208768881,10.078287442953885,5.0,True
2024-01-07,6.613875211588574,3.594086803092503,9.971804329492892,5.0,True
2024-01-08,6.836970195526562,3.677674194986796,10.17436653583191,3.0,True
2024-01-09,6.253035122203409,3.0408165635053024,9.62075703575487,10.0,True
2024-01-10,6.851187552506504,3.557326661517455,10.219992453030793,3.0,True
2024-01-11,6.46321627370934,3.1978956065809294,9.763865239463872,4.0,True
2024-01-12,6.628732484042221,3.378533547611076,9.844828440331879,10.0,True
2024-01-13,6.850553093939435,3.717063969580111,10.043145415243494,7.0,True
2024-01-14,6.410308979149651,2.9385381676395124,9.967813676850307,3.0,True
2024-01-15,6.652779834771691,3.2291991736140346,9.91991258675474,7.0,True
2024-01-16,6.090002149829768,2.8238745145534496,9.509496967903763,5.0,True
2024-01-17,6.710784726043553,3.3013699095868603,10.202497742346683,6.0,True
2024-01-18,6.34658055680685,3.1023919256164163,9.828758059369834,5.0,True
2024-01-19,6.53664024050512,2.990816980169065,9.661527979623056,3.0,True
2024-01-20,6.78339814064152,3.435442564614888,10.031818974491184,6.0,True
2024-01-21,6.368084209972949,3.0409001859778195,9.768359610240386,10.0,True
2024-01-22,6.635063188142579,3.238551589792154,10.034445160435542,9.0,True
2024-01-23,6.095947728351577,2.9515252252245188,9.421049288238839,8.0,True
2024-01-24,6.739119879609349,3.5348603558727065,10.226478699167842,9.0,True
2024-01-25,6.395609710622438,3.013110977500085,9.778342030633926,5.0,True
2024-01-26,6.604256182162892,3.248319614136722,9.913164851217964,4.0,True
2024-01-27,6.867101375296393,3.5937718803142347,10.235651783700044,8.0,True
2024-01-28,6.465010850266702,3.0853360001152947,9.59058231742417,7.0,True
2024-01-29,6.742021667587867,3.35428832191833,9.974891455982183,6.0,True
2024-01-30,6.2094644169579505,2.8318600991378067,9.57556386019302,5.0,True
2024-01-31,6.855493443406969,3.6316889330186974,10.166775168296661,5.0,True
2024-02-01,6.510973798663345,2.7337264010075364,9.799527501683961,5.0,True
2024-02-02,6.714649752882191,3.3878014508871828,10.095781449640269,11.0,True
2024-02-03,6.96854569734351,3.699104993317196,10.379409301881484,10.0,True
2024-02-04,6.553591939483534,3.1618942555603007,9.942578769681482,7.0,True
2024-02-05,6.813976662637755,3.556767893986865,9.945856579238216,7.0,True
2024-02-06,6.261270158882561,3.085276263751898,9.68564157891038,8.0,True
2024-02-07,6.883955320221384,3.820203677704293,10.44460771029526,5.0,True
2024-02-08,6.513312753107158,3.0845884397313736,9.884239670095102,7.0,True
2024-02-09,6.688585237796795,3.4329692823970546,9.994501271876809,7.0,True
2024-02-10,6.912372305812146,3.3869218563833794,10.318497777379596,11.0,True
2024-02-11,6.466247441601908,2.7990008085220177,9.857083324628263,6.0,True
2024-02-12,6.69509925039409,3.486659516413036,10.087606801920375,6.0,True
2024-02-13,6.111242838655289,2.8251692387333582,9.498176421334417,8.0,True
2024-02-14,6.703935597136612,3.2970102987964633,9.978879135774527,6.0,True
2024-02-15,6.305246021646447,3.123941795235515,9.740157445561392,9.0,True
2024-02-16,6.455200624015013,3.1487942960493736,9.857331199503475,4.0,True
2024-02-17,6.657160091800925,3.063061678558441,10.017650783928586,8.0,True
2024-02-18,6.193417634176514,2.6511398387919445,9.409060500027994,3.0,True
2024-02-19,6.409521323011693,3.2319048384830875,9.790024767546717,2.0,True
2024-02-20,5.818367166738752,2.680001249896209,9.229524977774279,4.0,True
2024-02-21,6.4096976091534446,3.1058965648270167,9.884156842904307,6.0,True
2024-02-22,6.015954587647024,2.706984077330299,9.253375824764573,6.0,True
2024-02-23,6.17741268551956,3.040036652145662,9.602457024983114,7.0,True
2024-02-24,6.3975439872330915,3.059116936464595,9.726382421393485,11.0,True
2024-02-25,5.958607978699114,2.348291580989324,9.049227957640031,10.0,True
2024-02-26,6.2059686467869515,2.7829773805535116,9.636812154083234,8.0,True
2024-02-27,5.652185789376213,2.4042901014719122,8.888095736406866,7.0,True
2024-02-28,6.286515419813373,2.8218455338214783,9.603005429868874,6.0,True
2024-02-29,5.940768501207517,2.6240466186636695,9.40659676701979,7.0,True
2024-03-01,6.154453549048655,2.810709629025204,9.468707595861591,5.0,True
2024-03-02,6.430154614112259,2.9844184759547074,9.720010116608158,7.0,True
2024-03-03,6.049137788698614,2.5056782605395664,9.242822999242168,8.0,True
2024-03-04,6.355688091436069,2.9637461071019118,9.626110703147349,6.0,True
2024-03-05,5.861223347492224,2.524951041306206,9.071902264616691,6.0,True
2024-03-06,6.553819465708367,3.168480519637903,9.987982259831403,6.0,True
2024-03-07,6.2640957882009545,3.0428892232563447,9.600238720344967,7.0,True
2024-03-08,6.530385426104683,3.099129121344368,9.948193677080697,4.0,True
2024-03-09,6.854141418948556,3.7647654953585556,9.988928909001219,8.0,True
2024-03-10,6.515571153064949,3.329207299423609,10.146669044338397,6.0,True
2024-03-11,6.8580001719912485,3.599100803561843,10.254421148871563,13.0,True
2024-03-12,6.392011277889987,3.1785905441273257,9.836359518915437,7.0,True
2024-03-13,7.104992631940338,4.073036007766025,10.420160870966454,8.0,True
2024-03-14,6.827042877588182,3.2935233321245083,10.108373922366422,5.0,True
2024-03-15,7.096157615342273,3.772225246275451,10.411795131408438,7.0,True
2024-03-16,7.4136475556904475,4.136765866093776,10.832185948488924,5.0,True
2024-03-17,7.059780374817299,3.810008540906391,10.356820498961417,9.0,True
2024-03-18,7.378147102906947,3.9131287286867913,10.499801560803688,8.0,True
2024-03-19,6.879798761376778,3.5762916653960324,10.158609517809085,4.0,True
2024-03-20,7.552786902328533,4.184217778076711,11.140937337700601,4.0,True
2024-03-21,7.228056153621246,4.2745989208776365,10.623996882100313,3.0,True
2024-03-22,7.444613307304852,4.203209105267193,10.845930505829887,12.0,True
2024-03-23,7.704923623733023,4.498796919405089,11.088841786627675,11.0,True
2024-03-24,7.290526842377513,3.955598749990239,10.159216122817629,6.0,True
2024-03-25,7.546374311994838,3.7985469700359795,10.785852910456947,9.0,True
2024-03-26,6.984933641052639,3.3078840915149494,10.300171483698763,10.0,True
2024-03-27,7.595695291672243,4.2060315707695715,11.00071967056973,13.0,True
2024-03-28,7.211030057303107,3.622115005104819,10.329945960322389,9.0,True
2024-03-29,7.371322844214198,4.017924543732596,10.954299881307907,6.0,True
2024-03-30,7.580334334477096,4.307640583760228,10.798633931510638,6.0,True
2024-03-31,7.120783925766812,3.5891641349412273,10.36484447113342,6.0,True
2024-04-01,7.338656240138796,3.9352272603761445,10.580167037469938,6.0,True
2024-04-02,6.7472784328341096,3.448768991030451,10.102778150318349,5.0,True
2024-04-03,7.336803482848293,3.8525134737134814,10.649747740306012,10.0,True
2024-04-04,6.940049069784974,3.581487436966314,10.086794029508376,7.0,True
2024-04-05,7.097618009144493,3.6114527140091672,10.461528444332044,10.0,True
2024-04-06,7.313252245741776,4.0630033242933346,10.650778033041961,6.0,True
2024-04-07,6.869414080048934,3.558798375170574,10.160008104125458,6.0,True
2024-04-08,7.111597046331749,3.7650683375094505,10.569911947556884,6.0,True
2024-04-09,6.552413642245082,3.379102101936739,10.0545077967844,4.0,True
2024-04-10,7.181094900124341,3.7522572745070124,10.55186865462451,9.0,True
2024-04-11,6.829351056507936,3.5311919655325075,10.257543314928311,8.0,True
2024-04-12,7.036518793398412,3.661299368671147,10.35485397372231,6.0,True
2024-04-13,7.304946414090574,3.95958804389354,10.555090494722565,7.0,True
2024-04-14,6.915609867633405,3.474667715262559,10.275685342166714,7.0,True
2024-04-15,7.212461175161713,3.752458675017609,10.62511146298078,4.0,True
2024-04-16,6.706555508950355,3.543364977352227,9.739429045786673,5.0,True
2024-04-17,7.385590906639475,4.208951053324924,10.89646239018113,7.0,True
2024-04-18,7.0798088367595255,3.75779097772668,10.527777329963643,9.0,True
2024-04-19,7.327180043242759,4.163824480091541,10.51986368998375,5.0,True
2024-04-20,7.628826008524538,4.545627971870347,10.866704481750768,3.0,True
2024-04-21,7.264667976206259,3.9173994565703243,10.492514771173092,4.0,True
2024-04-22,7.5778041902949855,4.260281723152954,10.687979132750593,6.0,True
2024-04-23,7.078660806464445,3.8780068811067143,10.391394424088466,9.0,True
2024-04-24,7.75454978782088,4.580687075380066,11.102917089589479,3.0,True
2024-04-25,7.435581472356915,4.093284872867819,10.79492134919416,13.0,True
2024-04-26,7.6598558710122555,4.228938596245218,11.25197400053126,6.0,True
2024-04-27,7.928882836628311,4.902204782444763,11.467416114325795,9.0,True
2024-04-28,7.523223022744435,4.145450989312589,10.701773369593184,8.0,True
2024-04-29,7.786850446297272,4.553265917067818,11.143941487229036,6.0,True
2024-04-30,7.231282444256168,3.7758989718826768,10.632229021943592,6.0,True
2024-05-01,7.8451108391655895,4.605637837685308,10.918399758391805,6.0,True
2024-05-02,7.459882662642482,4.232452613759543,10.82888443021505,5.0,True
2024-05-03,7.615255297306819,4.259031098356622,10.873643537851603,9.0,True
2024-05-04,7.8143771003869915,4.427338972003405,11.314625265533945,10.0,True
2024-05-05,7.339486447713855,3.9671266020190483,10.59866301372435,6.0,True
2024-05-06,7.536231102684559,4.157118989434011,10.873428549057273,7.0,True
2024-05-07,6.9177548323403295,3.640305244553547,10.414704161058657,1.0,True
2024-05-08,7.474186229548321,4.1726043399887836,10.71467807610971,5.0,True
2024-05-09,7.038479215522913,3.942268017212183,10.417390640648678,6.0,True
2024-05-10,7.1515311592312525,3.8169975967961536,10.396370291644319,8.0,True
2024-05-11,7.3175306746209134,3.9253802194305494,10.927034555180748,8.0,True
2024-05-12,6.8195289266886805,3.5997916875169342,9.93297451645514,6.0,True
2024-05-13,7.003737111964329,3.649942977610269,10.521798891831596,7.0,True
2024-05-14,6.38359764721566,3.0545872135991057,10.019189148055606,7.0,True
2024-05-15,6.949264465209218,3.6312949320267243,10.204224848637226,11.0,True
2024-05-16,6.533442151854297,3.1410316149408173,9.975330604342533,7.0,True
2024-05-17,6.676509930661152,3.1827368730588126,9.93333509548165,5.0,True
2024-05-18,6.881882432077303,3.6505611191898573,10.243858553348923,3.0,True
2024-05-19,6.431600764510261,3.2134317733722857,9.810932529454242,7.0,True
2024-05-20,6.670656055935569,3.4598967666242673,10.22060780538112,6.0,True
2024-05-21,6.111092330282072,2.92685308408638,9.516532546607449,3.0,True
2024-05-22,6.741523296630569,3.442428341902309,10.05086051905998,7.0,True
2024-05-23,6.393011830242719,3.013842631198297,9.792684883614413,8.0,True
2024-05-24,6.604237089309871,3.3737489065363064,10.041306500127398,12.0,True
2024-05-25,6.876900063389429,3.458471733503217,10.359967682557922,9.0,True
2024-05-26,6.491359879618155,3.0691926262291087,9.885641715283523,5.0,True
2024-05-27,6.791001827736828,3.267036169385102,10.249027879032829,2.0,True
2024-05-28,6.286382775252261,3.0555667289710904,9.797952891422238,10.0,True
2024-05-29,6.964787405560546,3.50965479142054,10.256498151604763,4.0,True
2024-05-30,6.656142991115426,3.357456922072427,10.153371925233666,8.0,True
2024-05-31,6.898216686301694,3.4534894812295795,10.256306016895888,5.0,True
2024-06-01,7.192045310515403,3.882830733406023,10.648753547530369,8.0,True
2024-06-02,6.817589278880224,3.678973278321451,10.080086406196427,10.0,True
2024-06-03,7.1181111481497155,3.9025777042088574,10.454416438720937,8.0,True
2024-06-04,6.604324145160076,2.900843317970351,9.973211309943489,10.0,True
2024-06-05,7.263944004786549,3.816317105170905,10.740492141720708,3.0,True
2024-06-06,6.927591925618753,3.790593058546186,10.230406651781069,13.0,True
2024-06-07,7.133972924053938,3.7276484715935285,10.267360726002483,5.0,True
2024-06-08,7.385280046272674,4.320335062859569,10.798793749353445,4.0,True
2024-06-09,6.96281676459697,3.7788348086707195,10.288814308158896,5.0,True
2024-06-10,7.211338857856049,3.799917875865207,10.419270651613937,7.0,True
2024-06-11,6.643162116164046,3.5640530105913952,10.163380088338517,11.0,True
2024-06-12,7.247670285275127,3.6210019627259804,10.58133032255053,8.0,True
2024-06-13,6.8571722333581695,3.4137708584034505,10.271847928405078,8.0,True
2024-06-14,7.012033850338156,3.7207638166098853,10.430991849506919,9.0,True
2024-06-15,7.216036390749515,3.957231547408955,10.44557882069802,8.0,True
2024-06-16,6.75195482638047,3.4263662963626498,10.29969499643697,5.0,True
2024-06-17,6.9658587030545345,3.7949433854098125,10.486906833909547,6.0,True
2024-06-18,6.371182959195874,3.0711279926712707,9.531542025188118,2.0,True
2024-06-19,6.958204131082677,3.463580587592761,10.13002802901252,4.0,True
2024-06-20,6.559871801991084,3.313982765426572,9.860823869777423,5.0,True
2024-06-21,6.716921520870395,3.2580928502877717,10.076916441970273,7.0,True
2024-06-22,6.933221438147908,3.5457666599473776,10.546955227042922,5.0,True
2024-06-23,6.491346568090946,3.1839250919124424,9.887205038376274,8.0,True
2024-06-24,6.7368833117543,3.3237764163602512,10.027534629347585,6.0,True
2024-06-25,6.182511630423571,2.7555029419187114,9.594648667620412,8.0,True
2024-06-26,6.81750002022593,3.6456224996553757,10.254603687092006,8.0,True
2024-06-27,6.473562671632782,3.058230868872328,9.797905768933354,3.0,True
2024-06-28,6.690004378707673,3.4573625011932085,9.54914397302925,5.0,True
2024-06-29,6.969104615034736,3.652678575469463,10.43358482239135,10.0,True
2024-06-30,6.591733706943589,3.1346849921098285,9.657584158787223,7.0,True
2024-07-01,6.901702637223775,3.6367567195787953,10.282479099303215,9.0,True
2024-07-02,6.409892675132811,2.7012023788439987,9.610540241899663,10.0,True
2024-07-03,7.10379872815853,3.596521959885541,10.34349792431565,8.0,True
2024-07-04,6.81343451595404,3.3944224930676206,10.428253911214119,6.0,True
2024-07-05,7.076523854245456,3.6644286817523355,10.557367143329623,6.0,True
2024-07-06,7.393928228737192,4.21857093657645,10.509698630289845,9.0,True
2024-07-07,7.045302425982168,3.6565042641075682,10.23273713028001,8.0,True
2024-07-08,7.3734786947778606,3.993503639313802,10.700961518149999,7.0,True
2024-07-09,6.8886247068308375,3.709221815340051,10.317039800308745,8.0,True
2024-07-10,7.577808442070626,4.29514826162022,10.854055392971878,6.0,True
2024-07-11,7.270917506710045,4.2112330224698855,10.539085717714642,4.0,True
2024-07-12,7.505856772896969,4.082247207053852,10.698686838752316,6.0,True
2024-07-13,7.78397432518479,4.522036280663279,11.305579779295696,7.0,True
2024-07-14,7.385707495204821,4.220527384998125,10.864516479419258,8.0,True
2024-07-15,7.654949681467999,4.322460228681598,10.876845025853154,12.0,True
2024-07-16,7.103183649476214,3.7800729772291155,10.229925116530355,8.0,True
2024-07-17,7.719015055617911,4.354529719520075,10.808078607110744,8.0,True
2024-07-18,7.334054496494967,3.7760082063451583,10.805530650592058,6.0,True
2024-07-19,7.488072920479119,4.105058194599856,11.008759682432531,9.0,True
2024-07-20,7.684381464027869,4.33826741278626,11.038097985949555,4.0,True
2024-07-21,7.205428672524663,3.866434381293616,10.877267355661512,7.0,True
2024-07-22,7.397117050965759,3.9602089624223593,10.503977885414958,12.0,True
2024-07-23,6.7728859251941875,3.520979743352458,10.236177537191953,6.0,True
2024-07-24,7.323195646458229,3.9336826053171774,10.98471355782979,10.0,True
2024-07-25,6.8813627000007145,3.735924871702605,10.323764199798761,5.0,True
2024-07-26,6.988671750835533,3.592968517529654,10.200914838795752,7.0,True
2024-07-27,7.149716791724562,3.7726017619525676,10.552212956822013,4.0,True
2024-07-28,6.647965333515064,3.274568173285934,9.933067270050419,3.0,True
2024-07-29,6.830048416156989,3.658415493684115,10.191284303261236,5.0,True
2024-07-30,6.209824085907599,2.789936887437138,9.452655443920335,9.0,True
2024-07-31,6.777849851280877,3.5684717769017817,10.19027949711435,9.0,True
2024-08-01,6.367213961794137,2.9856189721534996,9.797084445412567,6.0,True
2024-08-02,6.518651622964567,3.0994123685452384,9.832872934616029,2.0,True
2024-08-03,6.73589818901927,3.5749013063155957,10.122189133366238,7.0,True
2024-08-04,6.301272949996419,3.1432142717733256,9.52033458166816,8.0,True
2024-08-05,6.559995778161563,3.3233986704367005,10.006692264121794,5.0,True
2024-08-06,6.024283589844794,2.568146140647031,9.353920136992512,4.0,True
2024-08-07,6.682861289114086,3.2362124045096325,10.079942607686593,5.0,True
2024-08-08,6.366836057220346,3.044000774139994,9.547864760153027,7.0,True
2024-08-09,6.614860013402604,3.0249879197608167,9.842264286313762,12.0,True
2024-08-10,6.928532121706798,3.5304609216474594,10.149959225453557,10.0,True
2024-08-11,6.588031745535139,3.188807020675601,10.06717441919641,2.0,True
2024-08-12,6.9364848831120804,3.6172262905383024,10.291110382855765,12.0,True
2024-08-13,6.484108823577009,3.062006947065541,9.957324567970891,8.0,True
2024-08-14,7.217768719930847,3.926233296234292,10.7020579648407,7.0,True
2024-08-15,6.966893848431198,3.5966309155378218,10.38462001712364,9.0,True
2024-08-16,7.268677588923197,4.155645705720098,10.436192756300878,6.0,True
2024-08-17,7.623511137069065,4.493403043957772,10.8848971087484,8.0,True
2024-08-18,7.310642634725528,3.903859958510589,10.76696427702315,7.0,True
2024-08-19,7.6725622009903525,4.216892627744856,11.00772681300623,6.0,True
2024-08-20,7.219158229847334,3.73564865729213,10.526831789283438,13.0,True
2024-08-21,7.937278261065575,4.458035311569835,11.318703317686493,8.0,True
2024-08-22,7.656642191010848,4.106604444735348,11.110056084258765,5.0,True
2024-08-23,7.915032039032916,4.537829549343754,11.153360853713359,8.0,True
2024-08-24,8.213708638396103,4.860556293004969,11.797162051408934,8.0,True
2024-08-25,7.833047460947753,4.429904400915938,11.365533277211853,5.0,True
2024-08-26,8.11689473009021,4.964152053012527,11.289923275938394,6.0,True
2024-08-27,7.576689989222059,4.078250971289536,11.023547895615252,7.0,True
2024-08-28,8.200989340243943,4.89756612570807,11.341615175127096,4.0,True
2024-08-29,7.821338108017944,4.39359630233258,11.097703406602061,5.0,True
2024-08-30,7.9774181901285175,4.726065837137695,11.27707881088092,11.0,True
2024-08-31,8.172421531044836,4.874125777475079,11.488507825671388,6.0,True
2024-09-01,7.688642998386589,4.417215771805143,10.794460154562449,9.0,True
2024-09-02,7.87179485502846,4.57763861676293,11.418995199376027,11.0,True
2024-09-03,7.235089977761932,3.8992452374538864,10.625264886464011,7.0,True
2024-09-04,7.768728940557381,4.4584890074964525,11.216175385641597,12.0,True
2024-09-05,7.305740519944773,3.9737155831662734,10.488428525597797,9.0,True
2024-09-06,7.387101562824028,3.9314912646666302,10.864771054435183,7.0,True
2024-09-07,7.517088201186218,4.547966179210105,10.873743677015886,9.0,True
2024-09-08,6.978852089815714,3.615725297480019,10.169926523301754,8.0,True
2024-09-09,7.11872410514935,3.6164611235890893,10.330049440811422,6.0,True
2024-09-10,6.4502927437810635,2.9265041494190633,9.950511950835343,5.0,True
2024-09-11,6.963892271051119,3.4394637530688055,9.88414186388455,10.0,True
2024-09-12,6.492449960093929,3.2733253635082575,9.982166281759744,9.0,True
2024-09-13,6.576618004354622,3.1967185092160895,9.82871078757693,1.0,True
2024-09-14,6.720141603725473,3.2322669099621115,10.017571746243023,7.0,True
2024-09-15,6.205456305333971,2.942186151178812,9.659797089019797,9.0,True
2024-09-16,6.378016350126634,3.2273740814347818,9.806333711696814,3.0,True
2024-09-17,5.750400505751478,2.4415704107333958,9.09756528547803,6.0,True
2024-09-18,6.311829629621609,2.8790381902762445,9.666377089242896,12.0,True
2024-09-19,5.894044470359252,2.5377482323896814,9.108742154544853,3.0,True
2024-09-20,6.036468456376917,2.678045366582972,9.276445262799264,6.0,True
2024-09-21,6.24160615793752,2.9918325112027815,9.698733821750439,8.0,True
2024-09-22,5.79066973213889,2.37427547391548,9.317749313699949,6.0,True
2024-09-23,6.02793439236834,2.6193799240927773,9.059724255020337,6.0,True
2024-09-24,5.464868752855847,2.095800505822346,8.605478903004801,10.0,True
2024-09-25,6.089673756983951,2.692567655381598,9.156084606578974,7.0,True
2024-09-26,5.733178268915319,2.1375436919150554,9.014266633676423,12.0,True
2024-09-27,5.9340157638395645,2.469112148929901,9.220467825923917,7.0,True
2024-09-28,6.194032610109791,2.801913226310565,9.663324848085244,10.0,True
2024-09-29,5.79392018145193,2.6255550922283426,9.501870145013713,6.0,True
2024-09-30,6.077571889663842,2.7349871407845874,9.127924985507581,4.0,True
2024-10-01,5.556211151965366,2.2070694441930474,8.718238046784734,7.0,True
2024-10-02,6.217924271476883,3.0616426446794374,9.580878472413831,7.0,True
2024-10-03,5.893546675329133,2.880271976445139,9.48064821816304,5.0,True
2024-10-04,6.121827391983083,2.6285971966204333,9.454611304730582,5.0,True
2024-10-05,6.4048227730705625,2.840108715074795,9.759823943891076,4.0,True
2024-10-06,6.023512258603446,2.6429392533626124,9.741426800648442,8.0,True
2024-10-07,6.322137867109898,2.908061974410759,9.753776166673829,5.0,True
2024-10-08,5.812314028144215,2.549522894797486,9.12879234983853,4.0,True
2024-10-09,6.482542332571807,2.853732061536518,9.841977651299894,5.0,True
2024-10-10,6.164080218249104,2.8737769256256085,9.38555208538041,3.0,True
2024-10-11,6.396089005387836,3.0224766950272888,9.770996036317179,4.0,True
2024-10-12,6.681012764514843,3.209909732739139,10.108930089697516,2.0,True
2024-10-13,6.300181225536189,2.8883004232371148,9.69922821055483,6.0,True
2024-10-14,6.598138740834897,3.2685395417827086,10.086808680364433,10.0,True
2024-10-15,6.086746165119607,2.505733982341925,9.460670914751846,7.0,True
2024-10-16,6.754690381712745,3.488834013207609,9.929338893618192,4.0,True
2024-10-17,6.433350553985821,3.218972886963264,10.155008687651971,10.0,True
2024-10-18,6.6619464850063554,3.244595690839469,9.919901108237724,10.0,True
2024-10-19,6.942920448289512,3.509961190619281,10.697814878959651,11.0,True
2024-10-20,6.557545495530391,3.2999653450766018,10.009518187322383,8.0,True
2024-10-21,6.850261977700234,3.6786213722629464,10.183798367791724,6.0,True
2024-10-22,6.332788802036614,2.80296392004463,9.515960687990207,4.0,True
2024-10-23,6.9936437636102955,3.7948521324322044,10.256532986794852,6.0,True
2024-10-24,6.664021601481602,3.3087113519671805,9.787777260084566,3.0,True
2024-10-25,6.882954710900655,3.2986850379568375,10.260866141509446,7.0,True
2024-10-26,7.152707414545768,3.6405307570482353,10.427241013120263,5.0,True
2024-10-27,6.754396345468381,3.5306163201070686,10.20004385712574,14.0,True
2024-10-28,7.032338245572693,3.518513358902107,10.31036178420063,9.0,True
2024-10-29,6.498171303937376,2.9951503838807154,9.880399572194056,6.0,True
2024-10-30,7.140384021341708,3.962696462521936,10.390253820753323,13.0,True
2024-10-31,6.790199955258566,3.366729590970311,10.289433097625912,6.0,True
2024-11-01,6.986743045638374,3.594729325559021,10.383135763665056,9.0,True
2024-11-02,7.232434264452792,3.6551739331074087,10.500580091561899,8.0,True
2024-11-03,6.808612056293665,3.4973349764923993,10.24582635963493,4.0,True
2024-11-04,7.05987786487916,3.7035203342828247,10.372858546060995,8.0,True
2024-11-05,6.498212936188537,3.231948933669437,9.829378510723638,8.0,True
2024-11-06,7.112500523050405,3.7692463612172684,10.437802842310782,7.0,True
2024-11-07,6.734402050763004,3.16498401017561,10.101007711906071,7.0,True
2024-11-08,6.903512208737281,3.4181806805403974,10.299068905930435,7.0,True
2024-11-09,7.122744026048881,3.8691372848172714,10.370634981907616,8.0,True
2024-11-10,6.673936752989867,3.3601780881118604,10.044346816554912,8.0,True
2024-11-11,6.902188226621631,3.5754901812224187,10.087973328037897,5.0,True
2024-11-12,6.319958310171493,3.1873844461974157,9.726233466664695,6.0,True
2024-11-13,6.916577934088817,3.4382729011473625,10.421750883911344,6.0,True
2024-11-14,6.524112692370764,3.35593294736898,9.919113923105362,5.0,True
2024-11-15,6.682506332730229,3.5136978766092932,10.07006937580637,6.0,True
2024-11-16,6.8949555402476355,3.5004285386202056,10.442248190113197,9.0,True
2024-11-17,6.443509136909599,2.9851502709539726,9.830414337256778,12.0,True
2024-11-18,6.6733936251256525,3.481111242130348,9.95171475456373,6.0,True
2024-11-19,6.097111858531827,2.633354896590716,9.551644173226125,3.0,True
2024-11-20,6.70394949940801,3.3888066464179594,9.745985117365157,1.0,True
2024-11-21,6.325838283274896,2.967531439159212,9.554550945219376,3.0,True
2024-11-22,6.502501430438089,2.949770389195548,9.912327189994189,4.0,True
2024-11-23,6.73683254082289,3.550558105913022,9.932024898652884,4.0,True
2024-11-24,6.310500969467514,2.8147490554045906,9.449414521120904,7.0,True
2024-11-25,6.568285429202163,3.210883138263997,9.97923513970673,5.0,True
2024-11-26,6.0221823716513585,2.783022257745954,9.550058476041217,9.0,True
2024-11-27,6.66092353140583,3.3767514707449404,9.941152140803721,6.0,True
2024-11-28,6.315851345748241,2.8012847619356025,9.371010312940685,11.0,True
2024-11-29,6.526077257739727,3.0168157983292057,9.815591395854632,3.0,True
2024-11-30,6.793873893387504,3.3439622612314315,9.973471520529259,3.0,True
2024-12-01,6.400293761591073,2.8086069859485843,9.79274861117602,5.0,True
2024-12-02,6.6895158816434055,3.586608804717693,10.184752117768314,10.0,True
2024-12-03,6.172966564677502,2.88559484710499,9.715123106339068,9.0,True
2024-12-04,6.838848434927451,3.720282178664009,10.481213474444331,3.0,True
2024-12-05,6.5180261381052995,3.1536577213580776,9.685583881464188,8.0,True
2024-12-06,6.749193520128275,3.5613554528484705,10.063336426912816,3.0,True
2024-12-07,7.034273088321143,3.6862034188975223,10.33402509979364,3.0,True
2024-12-08,6.654040274572636,3.042162020081464,9.894350131873729,4.0,True
2024-12-09,6.952473827806221,3.5709943715176315,9.985987370893756,9.0,True
2024-12-10,6.4408785367620744,2.9287305704025766,9.624865293000331,3.0,True
2024-12-11,7.107414394312262,3.921525477712541,10.595614745092385,3.0,True
2024-12-12,6.7829807241741005,3.350264617906069,10.24427064275689,4.0,True
2024-12-13,7.006380170620266,3.7191375098819073,10.42160957472688,4.0,True
2024-12-14,7.279713519137861,4.0291979012734105,10.44076701584318,8.0,True
2024-12-15,6.883998055472444,3.4432732024256536,10.449500813388937,10.0,True
2024-12-16,7.163511003120545,4.0570186785573314,10.406419421114416,3.0,True
2024-12-17,6.629904470015614,3.3860170541341845,9.897085389624676,6.0,True
2024-12-18,7.2717262546321235,3.933424081275393,10.54663618773853,5.0,True
2024-12-19,6.920295272323063,3.4015628532099877,10.190859837481758,9.0,True
2024-12-20,7.114856736116763,4.049628937799567,10.332151485853878,7.0,True
2024-12-21,7.357968279822602,4.243180340487839,10.654028263412638,1.0,True
2024-12-22,6.9311099310116076,3.75848215460249,10.551366455254943,10.0,True
2024-12-23,7.179019648639412,3.5910583263867064,10.352051395375954,7.0,True
2024-12-24,6.6138010014603665,3.454027040671855,10.09499866145299,9.0,True
2024-12-25,7.224437450345077,4.060620376084477,10.452333715043837,8.0,True
2024-12-26,6.842662074174232,3.642169479036964,10.309471072294551,10.0,True
2024-12-27,7.008107917971975,3.6796617365203144,10.007920474956572,7.0,True
2024-12-28,7.2236901622800325,3.8689876214657097,10.385120903353807,11.0,True
2024-12-29,6.771213001118717,3.375127795018626,9.884195784087913,10.0,True
2024-12-30,6.995702895522076,3.6873522851848626,10.52444715665324,11.0,True
2024-12-31,6.409514707263638,2.888826978387054,9.719028081120417,5.0,True
